-- 공모전
INSERT INTO onemoa.contest (ctstno, orgno, ctgno, title, subcont, cdt, sdate, edate, vw_cnt, org, appl, cont, page, size, qual, team, reward, thumbnail) VALUES (1, 1, 4, '명랑꼬마김밥 로고 디자인 콘테스트', '''명랑꼬마김밥''은 여섯 종류의 다양한 꼬마김밥을 메인으로 하는 종합분식점입니다.

시그니처 메뉴는 명란마요꼬마김밥입니다.

매장 내 전체 분위기는 밝고 명랑한 화이트&레드톤 인테리어에 쾌활한 인디 음악이 흘러나오고 있습니다.

소비자 층은 남녀노소 모두 해당되지만, 특히 2030 여성 고객들이 좋아해주십니다.

저희의 이런 매장 분위기를 잘 표현해 줄 수 있는 힙스러우면서도 직관적인 로고를 부탁드립니다!
', '2022-11-21', '2022-11-01', '2022-11-30', 3, '명랑꼬마김밥', '이메일', '''명랑꼬마김밥''은 여섯 종류의 다양한 꼬마김밥을 메인으로 하는 종합분식점입니다.

시그니처 메뉴는 명란마요꼬마김밥입니다.

매장 내 전체 분위기는 밝고 명랑한 화이트&레드톤 인테리어에 쾌활한 인디 음악이 흘러나오고 있습니다.

소비자 층은 남녀노소 모두 해당되지만, 특히 2030 여성 고객들이 좋아해주십니다.

저희의 이런 매장 분위기를 잘 표현해 줄 수 있는 힙스러우면서도 직관적인 로고를 부탁드립니다!
', 'https://www.loud.kr/contest/view/70609/winner', 0, '대학생/일반인/초등학생/중학생/고등학생', '팀전', 40, '4d0d6f20-da58-441f-9256-ff6ce88a1331');
INSERT INTO onemoa.contest (ctstno, orgno, ctgno, title, subcont, cdt, sdate, edate, vw_cnt, org, appl, cont, page, size, qual, team, reward, thumbnail) VALUES (2, 3, 5, 'SW마에스트로 공식 캐릭터 네이밍 공모전', 'SW마에스트로 공식 캐릭터 네이밍 공모전!SW마에스트로 사업(https://www.swmaestro.org)의 공식 캐릭터와 보조 캐릭터의 이름과 의미를 지어주세요! 
', '2022-11-21', '2022-11-01', '2022-11-30', 4, 'SW마에스트로', '이메일', 'SW마에스트로 공식 캐릭터 네이밍 공모전!SW마에스트로 사업(https://www.swmaestro.org)의 공식 캐릭터와 보조 캐릭터의 이름과 의미를 지어주세요! ', 'https://www.swmaestro.org', 0, '대학생/일반인/초등학생/중학생/고등학생', '개인전', 50, '69bbbf4d-9bba-4c80-ae67-83129967cf23');
INSERT INTO onemoa.contest (ctstno, orgno, ctgno, title, subcont, cdt, sdate, edate, vw_cnt, org, appl, cont, page, size, qual, team, reward, thumbnail) VALUES (3, 3, 1, '[캠퍼스타운사업단] 2022년 K-이노스 창업아이디어경진대회(3차) 참가자 모집', '건국대학교 캠퍼스타운사업단에서는 2022년 K-이노스 창업아이디어경진대회(3차) 참가자를 다음과 같이 모집하오니 관심 있는 (예비)창업자들의 많은 참여 부탁드립니다.

○ 모집분야- 바이오(푸드): 6팀

* 푸드(예시): 일반식, 디저트, 제과/제빵, 음료, 과일, 드라이푸드, 이유식, 환자식, 동물사료, 햄 등 ', '2022-11-21', '2022-11-01', '2022-11-30', 1, '건국대학교', '이메일', '건국대학교 캠퍼스타운사업단에서는 2022년 K-이노스 창업아이디어경진대회(3차) 참가자를 다음과 같이 모집하오니 관심 있는 (예비)창업자들의 많은 참여 부탁드립니다.

○ 모집분야- 바이오(푸드): 6팀

* 푸드(예시): 일반식, 디저트, 제과/제빵, 음료, 과일, 드라이푸드, 이유식, 환자식, 동물사료, 햄 등 ', 'http://www.konkuk.ac.kr/', 0, '대학생/일반인/초등학생/중학생/고등학생', '팀전', 900, 'f396cbdc-663d-4391-8351-0f01300c229e');
INSERT INTO onemoa.contest (ctstno, orgno, ctgno, title, subcont, cdt, sdate, edate, vw_cnt, org, appl, cont, page, size, qual, team, reward, thumbnail) VALUES (4, 3, 3, '이펙트 코리아 영상 콘텐츠 공모전', '(주)공드리는 20대 영상 전공 청년들로 이뤄진 스타트업으로 대한민국 PD들이 만든 새로운 플랫폼''이펙트 코리아''를 개발하였습니다.

이펙트 코리아는 프리랜서라 불리는 국내 미디어 분야 특수고용직 종사자들의 재능을 활용한 수익창출 및 해외 수출이 가능한 비대면 온라인 플랫폼으로 복지 사각지대에 있는 프리랜서들의 안전한 라이센스 보호와 일거라, 수익 창출을 미션으로 삼고 홍보·판매 대행 서비스를 무료로 제공하면서 수익을 프리랜서들에게 돌려준다는 점에서 개발사의 사회적 목적 실현과 문화·예술 종사자들의 문화적, 경제적 질 향상을 목표로 하고 있습니다.', '2022-11-21', '2022-11-01', '2022-11-30', 1, '주식회사 텐원더스', '이메일', '(주)공드리는 20대 영상 전공 청년들로 이뤄진 스타트업으로 대한민국 PD들이 만든 새로운 플랫폼''이펙트 코리아''를 개발하였습니다.

이펙트 코리아는 프리랜서라 불리는 국내 미디어 분야 특수고용직 종사자들의 재능을 활용한 수익창출 및 해외 수출이 가능한 비대면 온라인 플랫폼으로 복지 사각지대에 있는 프리랜서들의 안전한 라이센스 보호와 일거라, 수익 창출을 미션으로 삼고 홍보·판매 대행 서비스를 무료로 제공하면서 수익을 프리랜서들에게 돌려준다는 점에서 개발사의 사회적 목적 실현과 문화·예술 종사자들의 문화적, 경제적 질 향상을 목표로 하고 있습니다.', 'https://effectkorea.com/notice_detail.php?nt_idx=6&pg=', 0, '대학생/일반인/초등학생/중학생/고등학생', '팀전', 300, '42993db8-4cb1-4ca4-954e-7e468b671b2f');
INSERT INTO onemoa.contest (ctstno, orgno, ctgno, title, subcont, cdt, sdate, edate, vw_cnt, org, appl, cont, page, size, qual, team, reward, thumbnail) VALUES (5, 1, 1, 'GS칼텍스 미세플라스틱 저감 캠페인 서포터즈 & 영상 공모전(총 500만원) 참여자 모집', '마포구, 중구, 송파구, 영등포구 일대 빗물받이 쓰레기 투기 양상 모니터링 / SNS 업로드', '2022-11-21', '2022-11-01', '2022-11-30', 3, 'GS칼텍스/(사)자연의벗연구소', '이메일', '마포구, 중구, 송파구, 영등포구 일대 빗물받이 쓰레기 투기 양상 모니터링 / SNS 업로드', 'https://allforyoung.com/posts/23174', 0, '대학생/일반인/초등학생/중학생/고등학생', '팀전', 500, '4746be5d-c614-45e3-8480-5f61dd26c406');
INSERT INTO onemoa.contest (ctstno, orgno, ctgno, title, subcont, cdt, sdate, edate, vw_cnt, org, appl, cont, page, size, qual, team, reward, thumbnail) VALUES (6, 1, 4, '[현대자동차] 디지털 아트 콘테스트 ‘Freedom Of Movement’', '현대자동차 디지털 아트 콘테스트를 개최합니다. 현대자동차로 가능해진 여러분들의 자유로운 순간은 어떤 순간들인가요?
일상생활 깊이 스며든 현대자동차를 자유롭게 표현해 주세요.
열정과 꿈을 가진 여러분의 많은 관심과 참여를 바랍니다.', '2022-11-22', '2022-11-01', '2022-11-30', 0, '현대자동차', '이메일', '현대자동차 디지털 아트 콘테스트를 개최합니다. 현대자동차로 가능해진 여러분들의 자유로운 순간은 어떤 순간들인가요?
일상생활 깊이 스며든 현대자동차를 자유롭게 표현해 주세요.
열정과 꿈을 가진 여러분의 많은 관심과 참여를 바랍니다.', 'http://hyundai-digitalartcontest.com/', 0, '대학생/일반인/초등학생/중학생/고등학생', '팀전', 3000, 'dee937d1-215c-44de-be85-c4744a5f2cf0');
INSERT INTO onemoa.contest (ctstno, orgno, ctgno, title, subcont, cdt, sdate, edate, vw_cnt, org, appl, cont, page, size, qual, team, reward, thumbnail) VALUES (7, 1, 1, '<경기창조경제혁신센터 X LG디스플레이> 2023 LG Dream Play with GCCEI 참여기업 모집 (~11/25)', '<경기창조경제혁신센터 X LG디스플레이 사업화 협력 오픈이노베이션 프로그램>
2023 LG Dream Play with GCCEI에 함께할 기업을 모집합니다.', '2022-11-22', '2022-11-01', '2022-11-30', 0, '경기창조경제혁신센터 / LG디스플레이', '이메일', '<경기창조경제혁신센터 X LG디스플레이 사업화 협력 오픈이노베이션 프로그램>
2023 LG Dream Play with GCCEI에 함께할 기업을 모집합니다.', 'https://openbridge.kr/lgdreamplay/', 0, '대학생/일반인/초등학생/중학생/고등학생', '팀전', 500, '467466f9-14d2-4df5-b5a1-66dd530fb963');
INSERT INTO onemoa.contest (ctstno, orgno, ctgno, title, subcont, cdt, sdate, edate, vw_cnt, org, appl, cont, page, size, qual, team, reward, thumbnail) VALUES (8, 1, 3, '제2회 센터필드 미디어월 영상 콘텐츠 공모전', '역삼 센터필드 내부 미디어월 영상 제작Amplifying human sensory -New Ambience: 감각을 깨우는 미디어 컨텐츠​
', '2022-11-22', '2022-11-01', '2022-11-30', 5, '이지스자산운용', '이메일', '팬더믹이 완전히 종료되지는 않았지만 다시금 사람들이 서서히 모이기 시작하였고, 멀리 해외로 여행도 가기 시작했고, 예전의 일상이 돌아온 듯합니다.대규모의 사회적-물리적 단절을 경험하면서 당면한 상황을 해결하고자 다양한 기술적 시도가 좀 더 유연하게 적용되기도 했습니다. 사회 전반에 새로운 기술을 기반으로 한 새로운 경험이 발생하게 되었습니다. 많은 사람들이 화상으로 업무를 처리하거나 수업을 듣는 일상을 경험하게 되었습니다.​물리적인 단절은 일상적인 삶의 본질이 무엇인지 고민해 보는 계기가 되기도 했습니다. 업무와 학업을 비롯하여 쇼핑, 여가생활, 사교활동 등 일상으로 대변되는 다양한 활동과 생활의 패턴 또한 변화가 가능 하다는 것을 경험해 보았습니다. 일상은 새롭게 정의되기도 하고, 그 안에 변할 수 있는 것은 무엇인지 변치 않는 것은 무엇일지 다양한 라이프스타일에 대한 제안이 쏟아져 나옵니다. 공간에 대한 중요성도 새롭게 다시 대두됩니다.​돌아온 회사는, 학교는 우리에게 예전과 같은 곳일까요? 24시간 거주하던 집은 다시 잠을 자는 곳으로 바뀌게 될까요? 폭넓은 계층의 사람들이 동시에 급격하게 겪은 변화와 경험은 우리의 무엇을 변화시켰을까요? 우리는 이전과 같은 세상을 살고 있을까요? 아니면 다른 인식과 다른 관계를 가지고 세상을 살게 될까요?​팬더믹을 거치며 본질에 대한 새로운 고민을 하게 된 시점에 더불어 새로운 미디어의 가능성을 탐구하는 주제로서 이번 공모전은, 사람의 감각을 자극하고 감각의 증폭으로 새로운 경험을 제시할 미디어 작품을 찾고자 합니다. 이제는 어느덧 익숙해지고 일상적인 요소가 된 미디어가 다시 시작되는 일상에서 잊고 있었던 감각을 되살려 주거나 새로운 감각의 확장의 가능성을 보여줄 장치로 작동할 수 있었으면 합니다.​', 'https://www.igisam.com/', 0, '대학생/일반인/초등학생/중학생/고등학생', '팀전', 3000, '06216812-e9cf-4e98-ba9d-a59afae57f23');
INSERT INTO onemoa.contest (ctstno, orgno, ctgno, title, subcont, cdt, sdate, edate, vw_cnt, org, appl, cont, page, size, qual, team, reward, thumbnail) VALUES (9, 1, 11, '2022 리서치 아카데미아', '• 국가기간통신 연합뉴스 미디어그룹의 일원인 연합인포맥스가 주최• NH투자증권, 미래에셋증권, 빗썸, 하나증권 리서치센터장과 삼성자산운용 본부장이 심사
• 리서치 아카데미아를 통해 자신만의 해답을 담은 리포트를 세상에 선보일 기회• 참가자 전원에게 증정되는 스타벅스 상품권', '2022-11-22', '2022-11-01', '2022-11-30', 10, '연합인포맥스', '이메일', '(1) 기업/산업분석(자유주제)자유롭게 기업 또는 산업을 선택하여, 기업분석 또는 산업분석 리포트를 제작해보세요. (분석대상 기업 또는 산업의 국적 및 개수에 제한은 없습니다.)

(2) 매크로(경기선행지표)한국 또는 미국의 경기선행지수를 구성하는 전통적 경기선행지표들이 과거 10년 동안 경기순환의 국면 전환에 대한 유의미한 시그널이었는지 논하세요. 그리고 경기회복기와 경기후퇴기의 시작을 잘 예측할 수 있는 경기선행지표들을 선정하여 자신만의 경기선행지수를 만들어보세요. (공신력 있고 표준화돼 있는 데이터라면 어느 것이라도 경기선행지표로 이용해도 됩니다.)

(3) 자산배분전략(ETF Managed Portfolio)국내외 ETF를 자유롭게 조합하여 자신만의 재간접펀드 및 상품설명서를 만들어보세요. (단, 상품설명서는 자산배분전략, 리스크관리 및 리밸런싱 방법, 5년 이상의 백테스트를 통한 위험 조정 수익률 등을 포함해야 합니다.)', 'https://yonhap.einfomax.co.kr/newinfomax/yonhapinfomax/academy.html', 0, '대학생/일반인/초등학생/중학생/고등학생', '팀전', 1350, 'a0843d4d-cf82-4545-a916-8081cec2c66a');
INSERT INTO onemoa.contest (ctstno, orgno, ctgno, title, subcont, cdt, sdate, edate, vw_cnt, org, appl, cont, page, size, qual, team, reward, thumbnail) VALUES (10, 1, 1, '제1회 창작의 날씨 서치-라이트 추미스•SF 공모전(10/24~12/02)', '「제1회 창작의 날씨 서치-라이트 공모전」을 개최합니다.창작의 날씨는 신인 작가 발굴 및 양성을 위해 ㈜교보문고가 운영하는 창작 지원 플랫폼입니다.추리·미스터리·스릴러·SF에 관심 있는 분들의 많은 참여 부탁드립니다.
', '2022-11-22', '2022-11-01', '2022-11-30', 9, '교보문고', '이메일', '「제1회 창작의 날씨 서치-라이트 공모전」을 개최합니다.창작의 날씨는 신인 작가 발굴 및 양성을 위해 ㈜교보문고가 운영하는 창작 지원 플랫폼입니다.추리·미스터리·스릴러·SF에 관심 있는 분들의 많은 참여 부탁드립니다.
', 'https://product.kyobobook.co.kr/', 0, '대학생/일반인/초등학생/중학생/고등학생', '팀전', 10000, '21d69d93-dc42-4930-bd80-1a31c81e1582');
INSERT INTO onemoa.contest (ctstno, orgno, ctgno, title, subcont, cdt, sdate, edate, vw_cnt, org, appl, cont, page, size, qual, team, reward, thumbnail) VALUES (11, 2, 3, '국가안전정보 통합공개시스템 숏폼영상 콘테스트', '[공모주제]
- 국가안전정보 통합공개시스템을 소개하는 영상
[참여대상]
- 안전정보 통합공개시스템을 홍보할 수 있는 아이디어가 있는 대한민국 국민 누구나', '2022-11-22', '2022-11-01', '2022-11-30', 14, '행정안전부', '이메일', '[영상규격]
- 주제에 맞는 9:16 세로형식의 순수 영상 창작물 (avi, mp4, mov 등)
- 영상 길이 30초 ~ 60초 이내
- 저작권, 초상권 등의 법적 문제가 없는 음원 및 영상소스 사용[시상안내]
- 최우수상(1작품): 상금 100만원- 우수상(2작품) : 상금 50만원- 장려상(5작품) : 상금 10만원
※ 상금에 대한 제세공과금은 수상자 본인 부담입니다.', 'https://docs.google.com/forms/d/e/1FAIpQLSdiKDh1Bg1M_go8v2PrsAACAaLb_6-QjKAjky5frXdEFJ6t0Q/viewform', 0, '대학생/일반인/초등학생/중학생/고등학생', '팀전', 250, 'd8803a7c-2456-4629-a8c9-1cf4ca890db5');
INSERT INTO onemoa.contest (ctstno, orgno, ctgno, title, subcont, cdt, sdate, edate, vw_cnt, org, appl, cont, page, size, qual, team, reward, thumbnail) VALUES (12, 2, 3, '2022년 지식재산 교육 숏폼 영상 공모전', '지식재산 교육에 대한 전국민의 관심을 유도하고,국민이 직접 참가하는 창의적이고 흥미로운 콘텐츠 발굴을 위해아래와 같이 ''지식재산 교육 숏폼 영상 공모전''을 개최하오니, 많은 관심과 참여 바랍니다.', '2022-11-22', '2022-11-01', '2022-11-30', 56, '한국발명진흥회', '이메일', '지식재산 교육에 대한 전국민의 관심을 유도하고,국민이 직접 참가하는 창의적이고 흥미로운 콘텐츠 발굴을 위해아래와 같이 ''지식재산 교육 숏폼 영상 공모전''을 개최하오니, 많은 관심과 참여 바랍니다.', 'http://www.ipacademy.net/', 0, '대학생/일반인/초등학생/중학생/고등학생', '팀전', 290, 'cc6793b7-db93-44e5-a053-33339338ed3a');
INSERT INTO onemoa.contest (ctstno, orgno, ctgno, title, subcont, cdt, sdate, edate, vw_cnt, org, appl, cont, page, size, qual, team, reward, thumbnail) VALUES (13, 2, 1, '대구 남구 토탈뷰티산업 창업 아이디어 공모전', '[공모 주제]
- 대구 남구 지역 인구소멸 문제 해결 또는 개선을 위한 헤어·메이크업·네일아트·피부미용 및 디바이스 등 토탈뷰티 관련 창업 아이디어
[공모 내용]
- 토탈뷰티산업(헤어/메이크업/네일아트/피부미용/디바이스 등)
[지원 자격]: 대구 남구 지역 내 뷰티산업 (예비·초기) 창업자
* 예비창업자: 사업자를 내지 않은 창업 예정자 또는 폐업 후 3년 경과자(사업 이력이 있는 경우)
* 초기창업자: 창업 후 3년 이내 창업자', '2022-11-22', '2022-11-01', '2022-11-30', 0, '대구시 / (재)대구테크노파크', '이메일', '[공모 주제]
- 대구 남구 지역 인구소멸 문제 해결 또는 개선을 위한 헤어·메이크업·네일아트·피부미용 및 디바이스 등 토탈뷰티 관련 창업 아이디어
[공모 내용]
- 토탈뷰티산업(헤어/메이크업/네일아트/피부미용/디바이스 등)
[지원 자격]: 대구 남구 지역 내 뷰티산업 (예비·초기) 창업자
* 예비창업자: 사업자를 내지 않은 창업 예정자 또는 폐업 후 3년 경과자(사업 이력이 있는 경우)
* 초기창업자: 창업 후 3년 이내 창업자', 'https://www.daegu.go.kr/index.do', 0, '대학생/일반인/초등학생/중학생/고등학생', '개인전', 15000, 'e91d2a2a-044e-40b2-a36a-d35324dfcc55');
INSERT INTO onemoa.contest (ctstno, orgno, ctgno, title, subcont, cdt, sdate, edate, vw_cnt, org, appl, cont, page, size, qual, team, reward, thumbnail) VALUES (14, 2, 1, '2023 KOTRA 혁신 아이디어 공모전', 'KOTRA는 국민 여러분의 톡톡 튀는 아이디어를 통해 업무 혁신을 추진하고자, 무역투자 서비스, ESG 경영 2개 분야에 대한 아이디어 공모전을 개최합니다. 혁신적인 아이디어를 갖고 계신 국민 여러분의 많은 참여를 바랍니다.', '2022-11-22', '2022-11-01', '2022-11-30', 180, '대한무역투자진흥공사', '이메일', 'KOTRA는 국민 여러분의 톡톡 튀는 아이디어를 통해 업무 혁신을 추진하고자, 무역투자 서비스, ESG 경영 2개 분야에 대한 아이디어 공모전을 개최합니다. 혁신적인 아이디어를 갖고 계신 국민 여러분의 많은 참여를 바랍니다.', 'https://forms.gle/N5FUq6LStMF24cd98', 0, '대학생/일반인/초등학생/중학생/고등학생', '팀전', 360, '5c4763c8-1d32-4426-abb0-8aadb2e5521f');
INSERT INTO onemoa.contest (ctstno, orgno, ctgno, title, subcont, cdt, sdate, edate, vw_cnt, org, appl, cont, page, size, qual, team, reward, thumbnail) VALUES (15, 2, 1, '지역자원 발굴단 운영 1기 참여자 모집', '가. 여주시 지역자원 발굴에 관심 있는 내국인 누구나
○ 여주시 지역 자원을 활용한 창업 아이디어 개발에 관심 있는 전국의 예비 로컬크리에이터(예비 창업자)
○ 旣창업자로서 여주 지역자원을 활용한 로컬 비즈니스 확장에 관심 있는 로컬 크리에이터나.
나. 개인(사업자일 경우 대표자)
다. 청년, 경기도, 여주시 출신 가점 우대', '2022-11-22', '2022-11-01', '2022-11-30', 0, '여주시', '이메일', '가. 여주시 지역자원 발굴에 관심 있는 내국인 누구나
○ 여주시 지역 자원을 활용한 창업 아이디어 개발에 관심 있는 전국의 예비 로컬크리에이터(예비 창업자)
○ 旣창업자로서 여주 지역자원을 활용한 로컬 비즈니스 확장에 관심 있는 로컬 크리에이터나.
나. 개인(사업자일 경우 대표자)
다. 청년, 경기도, 여주시 출신 가점 우대', 'https://www.gcon.or.kr/busiNotice/view?menuId=MENU02369&linkId=10533', 0, '대학생/일반인/초등학생/중학생/고등학생', '개인전', 1500, 'bb233f9d-d55e-476e-8a1f-07e2227696ae');
INSERT INTO onemoa.contest (ctstno, orgno, ctgno, title, subcont, cdt, sdate, edate, vw_cnt, org, appl, cont, page, size, qual, team, reward, thumbnail) VALUES (16, 2, 1, '[추천공모전]국가위기 관련 디지털 기반 위기대응 아이디어 공모전(~11/30)', '- [부문1] 서비스 개발 사례
위기상황 및 사회현안 해결을 위해 관련 데이터를 활용하여 구축했던 서비스 사례 제출
- [부문2] 시나리오 아이디어
위기상황 및 사회현안 해결을 위해 디지털 자원을 활용한 창의적인 시나리오 아이디어 제출', '2022-11-22', '2022-11-01', '2022-11-30', 13, '과학가술정보통신부', '이메일', '- [부문1] 서비스 개발 사례
위기상황 및 사회현안 해결을 위해 관련 데이터를 활용하여 구축했던 서비스 사례 제출
- [부문2] 시나리오 아이디어
위기상황 및 사회현안 해결을 위해 디지털 자원을 활용한 창의적인 시나리오 아이디어 제출', 'https://www.digital-for-national-emergency.co.kr/', 0, '대학생/일반인/초등학생/중학생/고등학생', '개인전', 1500, 'd8609a1f-4972-4f00-9d0c-2a6b56e34c48');



-- 공모전 첨부파일
INSERT INTO onemoa.contest_file (ctstfno, fname, fpath, ctstno) VALUES (1, 'yHqKgQFe9N6ofLH2.명랑꼬마김밥.jpg.webp', '690feb94-a0d3-4971-9e09-e64f7a99d4c1', 1);
INSERT INTO onemoa.contest_file (ctstfno, fname, fpath, ctstno) VALUES (2, '1117_[sw]_카드뉴스_01.jpeg', '390c767c-99b2-47d9-9165-527fba373dfc', 2);
INSERT INTO onemoa.contest_file (ctstfno, fname, fpath, ctstno) VALUES (3, '158869.webp', 'caf719a6-686d-410f-8ba7-8325a26092a2', 3);
INSERT INTO onemoa.contest_file (ctstfno, fname, fpath, ctstno) VALUES (4, '공모전1.jpeg', 'c0b84e48-6506-4e57-9046-7aa3a694069a', 4);
INSERT INTO onemoa.contest_file (ctstfno, fname, fpath, ctstno) VALUES (5, '붙임2. 포스터 기한연장.jpg', '0b50041a-3850-444e-847e-af961dc5fa38', 5);
INSERT INTO onemoa.contest_file (ctstfno, fname, fpath, ctstno) VALUES (6, '빅밴드_현대자동차_포스터_1080x1500_최종.png', '9eb9fa99-0512-43ee-b49e-c394bfc7a148', 6);
INSERT INTO onemoa.contest_file (ctstfno, fname, fpath, ctstno) VALUES (7, '포스터.png', '3c1ae80c-d7fe-4e03-b6ac-30a4397ebe4b', 7);
INSERT INTO onemoa.contest_file (ctstfno, fname, fpath, ctstno) VALUES (8, '1.jpeg', 'bab44b6f-b225-44a0-aa4a-15742e08b100', 8);
INSERT INTO onemoa.contest_file (ctstfno, fname, fpath, ctstno) VALUES (9, 'image.png', '7260402a-568d-49f7-8876-969c02c3f601', 9);
INSERT INTO onemoa.contest_file (ctstfno, fname, fpath, ctstno) VALUES (10, '포스터.jpeg', '966a5d50-3323-4f33-9be6-9deb13262477', 10);
INSERT INTO onemoa.contest_file (ctstfno, fname, fpath, ctstno) VALUES (11, '20221121153048_aa17bfea.jpeg', 'ed25e169-f4f5-4616-8bc5-152d235e7f4f', 11);
INSERT INTO onemoa.contest_file (ctstfno, fname, fpath, ctstno) VALUES (12, '숏폼-포스터-1117.png', '6e3d15ec-237e-4623-85d2-3a94a0419b24', 12);
INSERT INTO onemoa.contest_file (ctstfno, fname, fpath, ctstno) VALUES (13, '20221121153739_1fd3a392.jpeg', '40ef1af5-2d85-4118-bce3-104b15592174', 13);
INSERT INTO onemoa.contest_file (ctstfno, fname, fpath, ctstno) VALUES (14, '20221121150212_b0e589da.jpeg', 'd6748e4a-22ae-4a1f-b563-8ed1394e7f37', 14);
INSERT INTO onemoa.contest_file (ctstfno, fname, fpath, ctstno) VALUES (15, '123124.jpeg', '6d457103-d3fd-44e3-b812-14f2bf3e127d', 15);
INSERT INTO onemoa.contest_file (ctstfno, fname, fpath, ctstno) VALUES (16, '5ab907afa4d2a7df8b6318b3ccb2f58db3ff50a7.jpeg', '7f6cd45f-c1af-494c-975b-e63eb6758a61', 16);

-- 공모전 팀장(team)
INSERT INTO onemoa.team (tno, ctstno, mno, cont, cdt) VALUES (16, 14, 4, '팀원 구함!!', '2022-11-24');
INSERT INTO onemoa.team (tno, ctstno, mno, cont, cdt) VALUES (17, 14, 3, '안녕하세요. 저는 한국대학교 경영학과에 재학 중인 학생입니다.
현재까지 공모전 참가 횟수는 총 7회 이며, 그 중 5번의 수상경험이 있습니다.

숏폼 공모전에 지원하는 것은 이번이 처음이지만 그 간 참가했던 영상 공모전을 참고하면 이번 공모전도 좋은 성적을 거둘 수 있을 것이라고 생각합니다. 그간 저의 이력이 궁금하시다면 제 포트폴리오를 참고해주세요!ㅎㅎ', '2022-11-25');
INSERT INTO onemoa.team (tno, ctstno, mno, cont, cdt) VALUES (18, 12, 2, '팀원 모집합니다!', '2022-11-25');
INSERT INTO onemoa.team (tno, ctstno, mno, cont, cdt) VALUES (19, 11, 2, '팀원 모집합니다~', '2022-11-25');
INSERT INTO onemoa.team (tno, ctstno, mno, cont, cdt) VALUES (20, 14, 2, '팀원 구해요~', '2022-11-25');


-- 공모전 팀장 포트폴리오(team_portfolio)
INSERT INTO onemoa.team_portfolio (tpno, tno, fpath) VALUES (22, 16, '/onemoa/mypage/firstportfolio?ptNo=18');
INSERT INTO onemoa.team_portfolio (tpno, tno, fpath) VALUES (23, 16, '/onemoa/mypage/firstportfolio?ptNo=19');
INSERT INTO onemoa.team_portfolio (tpno, tno, fpath) VALUES (24, 17, '/onemoa/mypage/firstportfolio?ptNo=6');
INSERT INTO onemoa.team_portfolio (tpno, tno, fpath) VALUES (25, 17, '/onemoa/mypage/firstportfolio?ptNo=7');
INSERT INTO onemoa.team_portfolio (tpno, tno, fpath) VALUES (26, 18, '/onemoa/mypage/firstportfolio?ptNo=5');
INSERT INTO onemoa.team_portfolio (tpno, tno, fpath) VALUES (27, 18, '/onemoa/mypage/firstportfolio?ptNo=21');
INSERT INTO onemoa.team_portfolio (tpno, tno, fpath) VALUES (28, 19, '/onemoa/mypage/firstportfolio?ptNo=4');
INSERT INTO onemoa.team_portfolio (tpno, tno, fpath) VALUES (29, 19, '/onemoa/mypage/firstportfolio?ptNo=5');
INSERT INTO onemoa.team_portfolio (tpno, tno, fpath) VALUES (30, 20, '/onemoa/mypage/firstportfolio?ptNo=4');
INSERT INTO onemoa.team_portfolio (tpno, tno, fpath) VALUES (31, 20, '/onemoa/mypage/firstportfolio?ptNo=5');

-- 공모전 팀 필드(team_field)
INSERT INTO onemoa.team_field (tfno, tno, name, size, type) VALUES (17, 16, '디자인', 2, 1);
INSERT INTO onemoa.team_field (tfno, tno, name, size, type) VALUES (18, 17, '촬영', 5, 1);
INSERT INTO onemoa.team_field (tfno, tno, name, size, type) VALUES (19, 18, '디자인', 2, 1);
INSERT INTO onemoa.team_field (tfno, tno, name, size, type) VALUES (20, 19, '디자인', 2, 1);
INSERT INTO onemoa.team_field (tfno, tno, name, size, type) VALUES (21, 19, '촬영', 1, 1);
INSERT INTO onemoa.team_field (tfno, tno, name, size, type) VALUES (22, 20, '촬영', 2, 1);
INSERT INTO onemoa.team_field (tfno, tno, name, size, type) VALUES (23, 20, '디자인', 1, 1);

-- 공모전 팀원지원(team_field_member)
INSERT INTO onemoa.team_field_member (tfmno, tfno, mno, cont, cdt, type) VALUES (14, 18, 4, '팀원 지원합니다!!!', '2022-11-25', '미승인');
INSERT INTO onemoa.team_field_member (tfmno, tfno, mno, cont, cdt, type) VALUES (15, 19, 1, '디자인 지원합니다.', '2022-11-25', '미승인');
INSERT INTO onemoa.team_field_member (tfmno, tfno, mno, cont, cdt, type) VALUES (16, 20, 1, '디자인 지원합니다.', '2022-11-25', '미승인');
INSERT INTO onemoa.team_field_member (tfmno, tfno, mno, cont, cdt, type) VALUES (17, 23, 1, '디자인 지원합니다.~', '2022-11-25', '미승인');

-- 공모전 팀원지원 포트폴리오(team_member_portfolio)
INSERT INTO onemoa.team_member_portfolio (tmpno, tfmno, fpath) VALUES (22, 14, '/onemoa/mypage/firstportfolio?ptNo=19');
INSERT INTO onemoa.team_member_portfolio (tmpno, tfmno, fpath) VALUES (23, 15, '/onemoa/mypage/firstportfolio?ptNo=2');
INSERT INTO onemoa.team_member_portfolio (tmpno, tfmno, fpath) VALUES (24, 15, '/onemoa/mypage/firstportfolio?ptNo=3');
INSERT INTO onemoa.team_member_portfolio (tmpno, tfmno, fpath) VALUES (25, 16, '/onemoa/mypage/firstportfolio?ptNo=3');
INSERT INTO onemoa.team_member_portfolio (tmpno, tfmno, fpath) VALUES (26, 16, '/onemoa/mypage/firstportfolio?ptNo=1');
INSERT INTO onemoa.team_member_portfolio (tmpno, tfmno, fpath) VALUES (27, 17, '/onemoa/mypage/firstportfolio?ptNo=2');
INSERT INTO onemoa.team_member_portfolio (tmpno, tfmno, fpath) VALUES (28, 17, '/onemoa/mypage/firstportfolio?ptNo=3');

