-- 직업번호 테이블
insert into job (jno, name) values (1, '프리랜서');
insert into job (jno, name) values (2, '직장인');
insert into job (jno, name) values (3, '소상공인');
insert into job (jno, name) values (4, '스타트업 창업자');
insert into job (jno, name) values (5, '대학(원)생');
insert into job (jno, name) values (6, '취업준비생');

-- 회원 테이블
INSERT INTO onemoa.member (mno, email, pwd, name, nick, tel, cdt, pstno, base_addr, detail_addr, jno, bank, account, profile, token, status) VALUES (1, 'user1@test.com', '0ffe1abd1a08215353c233d6e009613e95eec4253832a761af28ff37ac5a150c', '예현빈', '예현빈', '01011111111', '2022-11-18', '6134', '서울특별시 강남구 역삼동 819-3', '삼오빌딩 5-9층', 1, null, null, '4b139447-6669-40b7-910d-19c5085b97ea', null, 1);
INSERT INTO onemoa.member (mno, email, pwd, name, nick, tel, cdt, pstno, base_addr, detail_addr, jno, bank, account, profile, token, status) VALUES (2, 'user2@test.com', '0ffe1abd1a08215353c233d6e009613e95eec4253832a761af28ff37ac5a150c', '정기웅', '정기웅', '01011111112', '2022-11-18', '6134', '서울특별시 강남구 역삼동 819-3', '삼오빌딩 5-9층', 2, null, null, 'bono.jpeg', null, 1);
INSERT INTO onemoa.member (mno, email, pwd, name, nick, tel, cdt, pstno, base_addr, detail_addr, jno, bank, account, profile, token, status) VALUES (3, 'user3@test.com', '0ffe1abd1a08215353c233d6e009613e95eec4253832a761af28ff37ac5a150c', '정용우', '정용우', '01011111113', '2022-11-18', '6134', '서울특별시 강남구 역삼동 819-3', '삼오빌딩 5-9층', 3, null, null, 'profile3.png', null, 1);
INSERT INTO onemoa.member (mno, email, pwd, name, nick, tel, cdt, pstno, base_addr, detail_addr, jno, bank, account, profile, token, status) VALUES (4, 'user4@test.com', '0ffe1abd1a08215353c233d6e009613e95eec4253832a761af28ff37ac5a150c', '하윤식', '하윤식', '01011111114', '2022-11-18', '6134', '서울특별시 강남구 역삼동 819-3', '삼오빌딩 5-9층', 4, null, null, 'profile1.png', null, 1);
INSERT INTO onemoa.member (mno, email, pwd, name, nick, tel, cdt, pstno, base_addr, detail_addr, jno, bank, account, profile, token, status) VALUES (5, 'user5@test.com', '0ffe1abd1a08215353c233d6e009613e95eec4253832a761af28ff37ac5a150c', '임진성', '임진성', '01011111115', '2022-11-18', '6134', '서울특별시 강남구 역삼동 819-3', '삼오빌딩 5-9층', 5, null, null, 'profile2.png', null, 1);
INSERT INTO onemoa.member (mno, email, pwd, name, nick, tel, cdt, pstno, base_addr, detail_addr, jno, bank, account, profile, token, status) VALUES (6, 'user6@test.com', '0ffe1abd1a08215353c233d6e009613e95eec4253832a761af28ff37ac5a150c', '설원호', '설원호', '01011111116', '2022-11-18', '6134', '서울특별시 강남구 역삼동 819-3', '삼오빌딩 5-9층', 6, null, null, 'profile3.png', null, 1);
INSERT INTO onemoa.member (mno, email, pwd, name, nick, tel, cdt, pstno, base_addr, detail_addr, jno, bank, account, profile, token, status) VALUES (7, 'user7@test.com', '0ffe1abd1a08215353c233d6e009613e95eec4253832a761af28ff37ac5a150c', '남궁석주', '남궁석주', '01011111117', '2022-11-18', '6134', '서울특별시 강남구 역삼동 819-3', '삼오빌딩 5-9층', 6, null, null, 'profile1.png', null, 1);
INSERT INTO onemoa.member (mno, email, pwd, name, nick, tel, cdt, pstno, base_addr, detail_addr, jno, bank, account, profile, token, status) VALUES (8, 'user8@test.com', '0ffe1abd1a08215353c233d6e009613e95eec4253832a761af28ff37ac5a150c', '전석환', '전석환', '01011111118', '2022-11-18', '6134', '서울특별시 강남구 역삼동 819-3', '삼오빌딩 5-9층', 2, null, null, 'profile2.png', null, 1);
INSERT INTO onemoa.member (mno, email, pwd, name, nick, tel, cdt, pstno, base_addr, detail_addr, jno, bank, account, profile, token, status) VALUES (9, 'user9@test.com', '0ffe1abd1a08215353c233d6e009613e95eec4253832a761af28ff37ac5a150c', '심종우', '심종우', '01011111119', '2022-11-18', '6134', '서울특별시 강남구 역삼동 819-3', '삼오빌딩 5-9층', 1, null, null, 'profile3.png', null, 1);
INSERT INTO onemoa.member (mno, email, pwd, name, nick, tel, cdt, pstno, base_addr, detail_addr, jno, bank, account, profile, token, status) VALUES (10, 'user10@test.com', '0ffe1abd1a08215353c233d6e009613e95eec4253832a761af28ff37ac5a150c', '표주희', '표주희', '01011111120', '2022-11-18', '6134', '서울특별시 강남구 역삼동 819-3', '삼오빌딩 5-9층', 1, null, null, 'profile1.png', null, 1);
INSERT INTO onemoa.member (mno, email, pwd, name, nick, tel, cdt, pstno, base_addr, detail_addr, jno, bank, account, profile, token, status) VALUES (11, 'user11@test.com', '0ffe1abd1a08215353c233d6e009613e95eec4253832a761af28ff37ac5a150c', '김천화', '김천화', '01011111121', '2022-11-18', '6134', '서울특별시 강남구 역삼동 819-3', '삼오빌딩 5-9층', 1, null, null, 'profile2.png', null, 1);
INSERT INTO onemoa.member (mno, email, pwd, name, nick, tel, cdt, pstno, base_addr, detail_addr, jno, bank, account, profile, token, status) VALUES (12, 'user12@test.com', '0ffe1abd1a08215353c233d6e009613e95eec4253832a761af28ff37ac5a150c', '박서희', '박서희', '01011111122', '2022-11-18', '6134', '서울특별시 강남구 역삼동 819-3', '삼오빌딩 5-9층', 6, null, null, 'profile3.png', null, 1);
INSERT INTO onemoa.member (mno, email, pwd, name, nick, tel, cdt, pstno, base_addr, detail_addr, jno, bank, account, profile, token, status) VALUES (13, 'user13@test.com', '0ffe1abd1a08215353c233d6e009613e95eec4253832a761af28ff37ac5a150c', '류용재', '류용재', '01011111123', '2022-11-18', '6134', '서울특별시 강남구 역삼동 819-3', '삼오빌딩 5-9층', 1, null, null, 'profile3.png', null, 1);
INSERT INTO onemoa.member (mno, email, pwd, name, nick, tel, cdt, pstno, base_addr, detail_addr, jno, bank, account, profile, token, status) VALUES (14, 'user14@test.com', '0ffe1abd1a08215353c233d6e009613e95eec4253832a761af28ff37ac5a150c', '남대현', '남대현', '01011111124', '2022-11-18', '6134', '서울특별시 강남구 역삼동 819-3', '삼오빌딩 5-9층', 2, null, null, 'profile1.png', null, 1);
INSERT INTO onemoa.member (mno, email, pwd, name, nick, tel, cdt, pstno, base_addr, detail_addr, jno, bank, account, profile, token, status) VALUES (15, 'user15@test.com', '0ffe1abd1a08215353c233d6e009613e95eec4253832a761af28ff37ac5a150c', '권도혁', '권도혁', '01011111125', '2022-11-18', '6134', '서울특별시 강남구 역삼동 819-3', '삼오빌딩 5-9층', 3, null, null, 'profile2.png', null, 1);
INSERT INTO onemoa.member (mno, email, pwd, name, nick, tel, cdt, pstno, base_addr, detail_addr, jno, bank, account, profile, token, status) VALUES (16, 'user16@test.com', '0ffe1abd1a08215353c233d6e009613e95eec4253832a761af28ff37ac5a150c', '고정원', '고정원', '01011111126', '2022-11-18', '6134', '서울특별시 강남구 역삼동 819-3', '삼오빌딩 5-9층', 4, null, null, 'profile3.png', null, 1);
INSERT INTO onemoa.member (mno, email, pwd, name, nick, tel, cdt, pstno, base_addr, detail_addr, jno, bank, account, profile, token, status) VALUES (17, 'user17@test.com', '0ffe1abd1a08215353c233d6e009613e95eec4253832a761af28ff37ac5a150c', '박경석', '박경석', '01011111127', '2022-11-18', '6134', '서울특별시 강남구 역삼동 819-3', '삼오빌딩 5-9층', 5, null, null, 'profile1.png', null, 1);
INSERT INTO onemoa.member (mno, email, pwd, name, nick, tel, cdt, pstno, base_addr, detail_addr, jno, bank, account, profile, token, status) VALUES (18, 'user18@test.com', '0ffe1abd1a08215353c233d6e009613e95eec4253832a761af28ff37ac5a150c', '제갈명숙', '제갈명숙', '01011111128', '2022-11-18', '6134', '서울특별시 강남구 역삼동 819-3', '삼오빌딩 5-9층', 6, null, null, 'profile2.png', null, 1);
INSERT INTO onemoa.member (mno, email, pwd, name, nick, tel, cdt, pstno, base_addr, detail_addr, jno, bank, account, profile, token, status) VALUES (19, 'user19@test.com', '0ffe1abd1a08215353c233d6e009613e95eec4253832a761af28ff37ac5a150c', '한민용', '한민용', '01011111129', '2022-11-18', '6134', '서울특별시 강남구 역삼동 819-3', '삼오빌딩 5-9층', 6, null, null, 'profile3.png', null, 1);
INSERT INTO onemoa.member (mno, email, pwd, name, nick, tel, cdt, pstno, base_addr, detail_addr, jno, bank, account, profile, token, status) VALUES (20, 'user20@test.com', '0ffe1abd1a08215353c233d6e009613e95eec4253832a761af28ff37ac5a150c', '고영태', '고영태', '01011111130', '2022-11-18', '6134', '서울특별시 강남구 역삼동 819-3', '삼오빌딩 5-9층', 2, null, null, 'profile1.png', null, 1);
INSERT INTO onemoa.member (mno, email, pwd, name, nick, tel, cdt, pstno, base_addr, detail_addr, jno, bank, account, profile, token, status) VALUES (21, 'user21@test.com', '0ffe1abd1a08215353c233d6e009613e95eec4253832a761af28ff37ac5a150c', '예윤아', '예윤아', '01011111131', '2022-11-18', '6134', '서울특별시 강남구 역삼동 819-3', '삼오빌딩 5-9층', 1, null, null, 'profile2.png', null, 1);
INSERT INTO onemoa.member (mno, email, pwd, name, nick, tel, cdt, pstno, base_addr, detail_addr, jno, bank, account, profile, token, status) VALUES (22, 'user22@test.com', '0ffe1abd1a08215353c233d6e009613e95eec4253832a761af28ff37ac5a150c', '신규원', '신규원', '01011111132', '2022-11-18', '6134', '서울특별시 강남구 역삼동 819-3', '삼오빌딩 5-9층', 1, null, null, 'profile3.png', null, 1);
INSERT INTO onemoa.member (mno, email, pwd, name, nick, tel, cdt, pstno, base_addr, detail_addr, jno, bank, account, profile, token, status) VALUES (23, 'user23@test.com', '0ffe1abd1a08215353c233d6e009613e95eec4253832a761af28ff37ac5a150c', '추승수', '추승수', '01011111133', '2022-11-18', '6134', '서울특별시 강남구 역삼동 819-3', '삼오빌딩 5-9층', 1, null, null, 'profile3.png', null, 1);
INSERT INTO onemoa.member (mno, email, pwd, name, nick, tel, cdt, pstno, base_addr, detail_addr, jno, bank, account, profile, token, status) VALUES (24, 'user24@test.com', '0ffe1abd1a08215353c233d6e009613e95eec4253832a761af28ff37ac5a150c', '장우준', '장우준', '01011111134', '2022-11-18', '6134', '서울특별시 강남구 역삼동 819-3', '삼오빌딩 5-9층', 6, null, null, 'profile1.png', null, 1);
INSERT INTO onemoa.member (mno, email, pwd, name, nick, tel, cdt, pstno, base_addr, detail_addr, jno, bank, account, profile, token, status) VALUES (25, 'user25@test.com', '0ffe1abd1a08215353c233d6e009613e95eec4253832a761af28ff37ac5a150c', '강용석', '강용석', '01011111135', '2022-11-18', '6134', '서울특별시 강남구 역삼동 819-3', '삼오빌딩 5-9층', 1, null, null, 'profile2.png', null, 1);
INSERT INTO onemoa.member (mno, email, pwd, name, nick, tel, cdt, pstno, base_addr, detail_addr, jno, bank, account, profile, token, status) VALUES (26, 'user26@test.com', '0ffe1abd1a08215353c233d6e009613e95eec4253832a761af28ff37ac5a150c', '풍재성', '풍재성', '01011111136', '2022-11-18', '6134', '서울특별시 강남구 역삼동 819-3', '삼오빌딩 5-9층', 2, null, null, 'profile3.png', null, 1);
INSERT INTO onemoa.member (mno, email, pwd, name, nick, tel, cdt, pstno, base_addr, detail_addr, jno, bank, account, profile, token, status) VALUES (27, 'user27@test.com', '0ffe1abd1a08215353c233d6e009613e95eec4253832a761af28ff37ac5a150c', '하민자', '하민자', '01011111137', '2022-11-18', '6134', '서울특별시 강남구 역삼동 819-3', '삼오빌딩 5-9층', 3, null, null, 'profile1.png', null, 1);
INSERT INTO onemoa.member (mno, email, pwd, name, nick, tel, cdt, pstno, base_addr, detail_addr, jno, bank, account, profile, token, status) VALUES (28, 'user28@test.com', '0ffe1abd1a08215353c233d6e009613e95eec4253832a761af28ff37ac5a150c', '안효진', '안효진', '01011111138', '2022-11-18', '6134', '서울특별시 강남구 역삼동 819-3', '삼오빌딩 5-9층', 4, null, null, 'profile2.png', null, 1);
INSERT INTO onemoa.member (mno, email, pwd, name, nick, tel, cdt, pstno, base_addr, detail_addr, jno, bank, account, profile, token, status) VALUES (29, 'user29@test.com', '0ffe1abd1a08215353c233d6e009613e95eec4253832a761af28ff37ac5a150c', '설명선', '설명선', '01011111139', '2022-11-18', '6134', '서울특별시 강남구 역삼동 819-3', '삼오빌딩 5-9층', 5, null, null, 'profile3.png', null, 1);
INSERT INTO onemoa.member (mno, email, pwd, name, nick, tel, cdt, pstno, base_addr, detail_addr, jno, bank, account, profile, token, status) VALUES (30, 'user30@test.com', '0ffe1abd1a08215353c233d6e009613e95eec4253832a761af28ff37ac5a150c', '허병준', '허병준', '01011111140', '2022-11-18', '6134', '서울특별시 강남구 역삼동 819-3', '삼오빌딩 5-9층', 6, null, null, 'profile1.png', null, 1);
INSERT INTO onemoa.member (mno, email, pwd, name, nick, tel, cdt, pstno, base_addr, detail_addr, jno, bank, account, profile, token, status) VALUES (31, 'user31@test.com', '0ffe1abd1a08215353c233d6e009613e95eec4253832a761af28ff37ac5a150c', '추진환', '추진환', '01011111141', '2022-11-18', '6134', '서울특별시 강남구 역삼동 819-3', '삼오빌딩 5-9층', 6, null, null, 'profile2.png', null, 1);
INSERT INTO onemoa.member (mno, email, pwd, name, nick, tel, cdt, pstno, base_addr, detail_addr, jno, bank, account, profile, token, status) VALUES (32, 'user32@test.com', '0ffe1abd1a08215353c233d6e009613e95eec4253832a761af28ff37ac5a150c', '김혜성', '김혜성', '01011111142', '2022-11-18', '6134', '서울특별시 강남구 역삼동 819-3', '삼오빌딩 5-9층', 2, null, null, 'profile3.png', null, 1);
INSERT INTO onemoa.member (mno, email, pwd, name, nick, tel, cdt, pstno, base_addr, detail_addr, jno, bank, account, profile, token, status) VALUES (33, 'user33@test.com', '0ffe1abd1a08215353c233d6e009613e95eec4253832a761af28ff37ac5a150c', '남궁홍기', '남궁홍기', '01011111143', '2022-11-18', '6134', '서울특별시 강남구 역삼동 819-3', '삼오빌딩 5-9층', 1, null, null, 'profile3.png', null, 1);
INSERT INTO onemoa.member (mno, email, pwd, name, nick, tel, cdt, pstno, base_addr, detail_addr, jno, bank, account, profile, token, status) VALUES (34, 'user34@test.com', '0ffe1abd1a08215353c233d6e009613e95eec4253832a761af28ff37ac5a150c', '황승현', '황승현', '01011111144', '2022-11-18', '6134', '서울특별시 강남구 역삼동 819-3', '삼오빌딩 5-9층', 1, null, null, 'profile1.png', null, 1);
INSERT INTO onemoa.member (mno, email, pwd, name, nick, tel, cdt, pstno, base_addr, detail_addr, jno, bank, account, profile, token, status) VALUES (35, 'user35@test.com', '0ffe1abd1a08215353c233d6e009613e95eec4253832a761af28ff37ac5a150c', '광환', '광환', '01011111145', '2022-11-18', '6134', '서울특별시 강남구 역삼동 819-3', '삼오빌딩 5-9층', 1, null, null, 'profile2.png', null, 1);
INSERT INTO onemoa.member (mno, email, pwd, name, nick, tel, cdt, pstno, base_addr, detail_addr, jno, bank, account, profile, token, status) VALUES (36, 'user36@test.com', '0ffe1abd1a08215353c233d6e009613e95eec4253832a761af28ff37ac5a150c', '봉재진', '봉재진', '01011111146', '2022-11-18', '6134', '서울특별시 강남구 역삼동 819-3', '삼오빌딩 5-9층', 6, null, null, 'profile3.png', null, 1);
INSERT INTO onemoa.member (mno, email, pwd, name, nick, tel, cdt, pstno, base_addr, detail_addr, jno, bank, account, profile, token, status) VALUES (37, 'user37@test.com', '0ffe1abd1a08215353c233d6e009613e95eec4253832a761af28ff37ac5a150c', '심승윤', '심승윤', '01011111147', '2022-11-18', '6134', '서울특별시 강남구 역삼동 819-3', '삼오빌딩 5-9층', 2, null, null, 'profile1.png', null, 1);
INSERT INTO onemoa.member (mno, email, pwd, name, nick, tel, cdt, pstno, base_addr, detail_addr, jno, bank, account, profile, token, status) VALUES (38, 'user38@test.com', '0ffe1abd1a08215353c233d6e009613e95eec4253832a761af28ff37ac5a150c', '성동석', '성동석', '01011111148', '2022-11-18', '6134', '서울특별시 강남구 역삼동 819-3', '삼오빌딩 5-9층', 1, null, null, 'profile2.png', null, 1);
INSERT INTO onemoa.member (mno, email, pwd, name, nick, tel, cdt, pstno, base_addr, detail_addr, jno, bank, account, profile, token, status) VALUES (39, 'user39@test.com', '0ffe1abd1a08215353c233d6e009613e95eec4253832a761af28ff37ac5a150c', '배승원', '배승원', '01011111149', '2022-11-18', '6134', '서울특별시 강남구 역삼동 819-3', '삼오빌딩 5-9층', 1, null, null, 'profile3.png', null, 1);
INSERT INTO onemoa.member (mno, email, pwd, name, nick, tel, cdt, pstno, base_addr, detail_addr, jno, bank, account, profile, token, status) VALUES (40, 'user40@test.com', '0ffe1abd1a08215353c233d6e009613e95eec4253832a761af28ff37ac5a150c', '강윤아', '강윤아', '01011111150', '2022-11-18', '6134', '서울특별시 강남구 역삼동 819-3', '삼오빌딩 5-9층', 1, null, null, 'profile1.png', null, 1);



-- 재능판매카테고리 테이블
insert into product_category (pcno, pctier, pcname, pcparent) values ('010000', 1, '디자인', null);
insert into product_category (pcno, pctier, pcname, pcparent) values ('020000', 1, 'IT·프로그래밍', null);
insert into product_category (pcno, pctier, pcname, pcparent) values ('030000', 1, '영상·사진·음향', null);
insert into product_category (pcno, pctier, pcname, pcparent) values ('040000', 1, '마케팅', null);
insert into product_category (pcno, pctier, pcname, pcparent) values ('050000', 1, '번역·통역', null);
insert into product_category (pcno, pctier, pcname, pcparent) values ('060000', 1, '문서·글쓰기', null);
insert into product_category (pcno, pctier, pcname, pcparent) values ('070000', 1, '비즈니스컨설팅', null);
insert into product_category (pcno, pctier, pcname, pcparent) values ('080000', 1, '주문제작', null);
insert into product_category (pcno, pctier, pcname, pcparent) values ('010100', 2, '로고·브랜딩', '010000');
insert into product_category (pcno, pctier, pcname, pcparent) values ('010200', 2, '상세·이벤트 페이지', '010000');
insert into product_category (pcno, pctier, pcname, pcparent) values ('010300', 2, '명함·인쇄·홍보물', '010000');
insert into product_category (pcno, pctier, pcname, pcparent) values ('010400', 2, 'PPT·인포그래픽', '010000');
insert into product_category (pcno, pctier, pcname, pcparent) values ('010500', 2, '웹·모바일 디자인', '010000');
insert into product_category (pcno, pctier, pcname, pcparent) values ('010600', 2, '패키지 디자인', '010000');
insert into product_category (pcno, pctier, pcname, pcparent) values ('010700', 2, '일러스트·캐리커쳐', '010000');
insert into product_category (pcno, pctier, pcname, pcparent) values ('010800', 2, '웹툰·캐릭터·이모티콘', '010000');
insert into product_category (pcno, pctier, pcname, pcparent) values ('010900', 2, '블로그·SNS·썸네일', '010000');
insert into product_category (pcno, pctier, pcname, pcparent) values ('011000', 2, '포토샵·파일변환', '010000');
insert into product_category (pcno, pctier, pcname, pcparent) values ('011100', 2, '제품·3D프린팅', '010000');
insert into product_category (pcno, pctier, pcname, pcparent) values ('011200', 2, '공간디자인', '010000');
insert into product_category (pcno, pctier, pcname, pcparent) values ('011300', 2, '북·앨범디자인', '010000');
insert into product_category (pcno, pctier, pcname, pcparent) values ('011400', 2, '캘리그라피·폰트', '010000');
insert into product_category (pcno, pctier, pcname, pcparent) values ('011500', 2, '메타버스·NFT아트', '010000');
insert into product_category (pcno, pctier, pcname, pcparent) values ('011600', 2, 'VR·AR·게임', '010000');
insert into product_category (pcno, pctier, pcname, pcparent) values ('011700', 2, '의류디자인', '010000');
insert into product_category (pcno, pctier, pcname, pcparent) values ('011800', 2, '간판·시공', '010000');
insert into product_category (pcno, pctier, pcname, pcparent) values ('011900', 2, '템플릿', '010000');
insert into product_category (pcno, pctier, pcname, pcparent) values ('020100', 2, '모바일 앱', '020000');
insert into product_category (pcno, pctier, pcname, pcparent) values ('020200', 2, '웹', '020000');
insert into product_category (pcno, pctier, pcname, pcparent) values ('020300', 2, '프로그램', '020000');
insert into product_category (pcno, pctier, pcname, pcparent) values ('020400', 2, '쇼핑몰·커머스', '020000');
insert into product_category (pcno, pctier, pcname, pcparent) values ('020500', 2, '워드프레스', '020000');
insert into product_category (pcno, pctier, pcname, pcparent) values ('020600', 2, '데이터', '020000');
insert into product_category (pcno, pctier, pcname, pcparent) values ('020700', 2, '기획', '020000');
insert into product_category (pcno, pctier, pcname, pcparent) values ('020800', 2, '게임·AR·VR', '020000');
insert into product_category (pcno, pctier, pcname, pcparent) values ('020900', 2, '메타버스', '020000');
insert into product_category (pcno, pctier, pcname, pcparent) values ('021000', 2, '블록체인', '020000');
insert into product_category (pcno, pctier, pcname, pcparent) values ('021100', 2, '임베디드 HW·SW', '020000');
insert into product_category (pcno, pctier, pcname, pcparent) values ('021200', 2, '서버·호스팅', '020000');
insert into product_category (pcno, pctier, pcname, pcparent) values ('021300', 2, '데이터베이스', '020000');
insert into product_category (pcno, pctier, pcname, pcparent) values ('021400', 2, '보안', '020000');
insert into product_category (pcno, pctier, pcname, pcparent) values ('021500', 2, '챗봇', '020000');
insert into product_category (pcno, pctier, pcname, pcparent) values ('021600', 2, 'QA·테스트', '020000');
insert into product_category (pcno, pctier, pcname, pcparent) values ('021700', 2, '기술지원', '020000');
insert into product_category (pcno, pctier, pcname, pcparent) values ('030100', 2, '영상촬영·편집', '030000');
insert into product_category (pcno, pctier, pcname, pcparent) values ('030200', 2, '인터뷰 영상', '030000');
insert into product_category (pcno, pctier, pcname, pcparent) values ('030300', 2, '교육 영상', '030000');
insert into product_category (pcno, pctier, pcname, pcparent) values ('030400', 2, '이벤트 영상', '030000');
insert into product_category (pcno, pctier, pcname, pcparent) values ('030500', 2, '유튜브 제작', '030000');
insert into product_category (pcno, pctier, pcname, pcparent) values ('030600', 2, '온라인 생중계', '030000');
insert into product_category (pcno, pctier, pcname, pcparent) values ('030700', 2, '드론 촬영', '030000');
insert into product_category (pcno, pctier, pcname, pcparent) values ('030800', 2, '애니메이션', '030000');
insert into product_category (pcno, pctier, pcname, pcparent) values ('030900', 2, '인포·모션그래픽', '030000');
insert into product_category (pcno, pctier, pcname, pcparent) values ('031000', 2, '3D·VR', '030000');
insert into product_category (pcno, pctier, pcname, pcparent) values ('031100', 2, '인트로·로고', '030000');
insert into product_category (pcno, pctier, pcname, pcparent) values ('031200', 2, '영상 자막', '030000');
insert into product_category (pcno, pctier, pcname, pcparent) values ('031300', 2, '영상 템플릿', '030000');
insert into product_category (pcno, pctier, pcname, pcparent) values ('031400', 2, '사진촬영', '030000');
insert into product_category (pcno, pctier, pcname, pcparent) values ('031500', 2, '사진·영상 보정', '030000');
insert into product_category (pcno, pctier, pcname, pcparent) values ('031600', 2, '성우', '030000');
insert into product_category (pcno, pctier, pcname, pcparent) values ('031700', 2, '음악·사운드', '030000');
insert into product_category (pcno, pctier, pcname, pcparent) values ('031800', 2, '모델·MC·공연', '030000');
insert into product_category (pcno, pctier, pcname, pcparent) values ('031900', 2, '스튜디오 렌탈', '030000');
insert into product_category (pcno, pctier, pcname, pcparent) values ('032000', 2, '헤어메이크업', '030000');
insert into product_category (pcno, pctier, pcname, pcparent) values ('032100', 2, '콘티·스토리보드', '030000');
insert into product_category (pcno, pctier, pcname, pcparent) values ('040100', 2, '블로그 마케팅', '040000');
insert into product_category (pcno, pctier, pcname, pcparent) values ('040200', 2, '카페 마케팅', '040000');
insert into product_category (pcno, pctier, pcname, pcparent) values ('040300', 2, 'SNS 마케팅', '040000');
insert into product_category (pcno, pctier, pcname, pcparent) values ('040400', 2, '쇼핑몰·스토어', '040000');
insert into product_category (pcno, pctier, pcname, pcparent) values ('040500', 2, '체험단·기자단 대행', '040000');
insert into product_category (pcno, pctier, pcname, pcparent) values ('040600', 2, '웹 트래픽', '040000');
insert into product_category (pcno, pctier, pcname, pcparent) values ('040700', 2, '언론홍보', '040000');
insert into product_category (pcno, pctier, pcname, pcparent) values ('040800', 2, '종합광고대행', '040000');
insert into product_category (pcno, pctier, pcname, pcparent) values ('041000', 2, '지도등록·홍보', '040000');
insert into product_category (pcno, pctier, pcname, pcparent) values ('041100', 2, '앱마케팅', '040000');
insert into product_category (pcno, pctier, pcname, pcparent) values ('041200', 2, '라이브커머스', '040000');
insert into product_category (pcno, pctier, pcname, pcparent) values ('041300', 2, '개인 인플루언서', '040000');
insert into product_category (pcno, pctier, pcname, pcparent) values ('041400', 2, '키워드·배너광고', '040000');
insert into product_category (pcno, pctier, pcname, pcparent) values ('041500', 2, '포털질문·답변', '040000');
insert into product_category (pcno, pctier, pcname, pcparent) values ('041600', 2, '마케팅 컨설팅', '040000');
insert into product_category (pcno, pctier, pcname, pcparent) values ('041700', 2, '영상 마케팅', '040000');
insert into product_category (pcno, pctier, pcname, pcparent) values ('041800', 2, '오프라인광고', '040000');
insert into product_category (pcno, pctier, pcname, pcparent) values ('041900', 2, '해외마케팅', '040000');
insert into product_category (pcno, pctier, pcname, pcparent) values ('042000', 2, '브랜드마케팅', '040000');
insert into product_category (pcno, pctier, pcname, pcparent) values ('050100', 2, '산업별 전문번역', '050000');
insert into product_category (pcno, pctier, pcname, pcparent) values ('050200', 2, '일반 번역', '050000');
insert into product_category (pcno, pctier, pcname, pcparent) values ('050300', 2, '통역', '050000');
insert into product_category (pcno, pctier, pcname, pcparent) values ('050400', 2, '영상번역', '050000');
insert into product_category (pcno, pctier, pcname, pcparent) values ('050500', 2, '감수', '050000');
insert into product_category (pcno, pctier, pcname, pcparent) values ('050600', 2, '번역공증대행', '050000');
insert into product_category (pcno, pctier, pcname, pcparent) values ('060100', 2, '기업명·네이밍', '060000');
insert into product_category (pcno, pctier, pcname, pcparent) values ('060200', 2, '제품 카피라이팅', '060000');
insert into product_category (pcno, pctier, pcname, pcparent) values ('060300', 2, '광고 카피라이팅', '060000');
insert into product_category (pcno, pctier, pcname, pcparent) values ('060400', 2, 'SNS 카피라이팅', '060000');
insert into product_category (pcno, pctier, pcname, pcparent) values ('060500', 2, 'Email 카피라이팅', '060000');
insert into product_category (pcno, pctier, pcname, pcparent) values ('060600', 2, 'UX 라이팅', '060000');
insert into product_category (pcno, pctier, pcname, pcparent) values ('060700', 2, '블로그 원고', '060000');
insert into product_category (pcno, pctier, pcname, pcparent) values ('060800', 2, '웹사이트·SEO', '060000');
insert into product_category (pcno, pctier, pcname, pcparent) values ('060900', 2, '보도자료·기사·칼럼', '060000');
insert into product_category (pcno, pctier, pcname, pcparent) values ('061000', 2, '산업별 전문 글작성', '060000');
insert into product_category (pcno, pctier, pcname, pcparent) values ('061100', 2, '타이핑(영상)', '060000');
insert into product_category (pcno, pctier, pcname, pcparent) values ('061200', 2, '타이핑(문서)', '060000');
insert into product_category (pcno, pctier, pcname, pcparent) values ('061300', 2, '책·전자책 출판', '060000');
insert into product_category (pcno, pctier, pcname, pcparent) values ('061400', 2, '시나리오·대본', '060000');
insert into product_category (pcno, pctier, pcname, pcparent) values ('061500', 2, '논문', '060000');
insert into product_category (pcno, pctier, pcname, pcparent) values ('061600', 2, '교정·교열 첨삭', '060000');
insert into product_category (pcno, pctier, pcname, pcparent) values ('061700', 2, '잡포털 이력서 교정', '060000');
insert into product_category (pcno, pctier, pcname, pcparent) values ('061800', 2, '맞춤양식', '060000');
insert into product_category (pcno, pctier, pcname, pcparent) values ('070100', 2, '사업계획서·투자제안서', '070000');
insert into product_category (pcno, pctier, pcname, pcparent) values ('070200', 2, '퍼스널 브랜딩', '070000');
insert into product_category (pcno, pctier, pcname, pcparent) values ('070300', 2, '유튜브 컨설팅', '070000');
insert into product_category (pcno, pctier, pcname, pcparent) values ('070400', 2, '창업 컨설팅', '070000');
insert into product_category (pcno, pctier, pcname, pcparent) values ('070500', 2, '쇼핑몰·스토어 창업', '070000');
insert into product_category (pcno, pctier, pcname, pcparent) values ('070600', 2, '크라우드펀딩', '070000');
insert into product_category (pcno, pctier, pcname, pcparent) values ('070700', 2, '해외사업 컨설팅', '070000');
insert into product_category (pcno, pctier, pcname, pcparent) values ('070800', 2, '리서치·설문조사', '070000');
insert into product_category (pcno, pctier, pcname, pcparent) values ('070900', 2, 'HR 컨설팅', '070000');
insert into product_category (pcno, pctier, pcname, pcparent) values ('071000', 2, '업무지원·CS', '070000');

-- 주최기관 테이블
insert into contest_organization (orgno, name) values (1, '대기업');
insert into contest_organization (orgno, name) values (2, '공공기관');
insert into contest_organization (orgno, name) values (3, '자영업자');

-- 공모전 카테고리 테이블
insert into contest_category (ctgno,name) values (1, '기획/아이디어');
insert into contest_category (ctgno,name) values (2, '광고/마케팅');
insert into contest_category (ctgno,name) values (3, '사진/영상/UCC');
insert into contest_category (ctgno,name) values (4, '디자인/순수미술/공예');
insert into contest_category (ctgno,name) values (5, '네이밍/슬로건');
insert into contest_category (ctgno,name) values (6, '캐릭터/만화/게임');
insert into contest_category (ctgno,name) values (7, '건축/건설/인테리어');
insert into contest_category (ctgno,name) values (8, '과학/공학');
insert into contest_category (ctgno,name) values (9, '예체능/패션');
insert into contest_category (ctgno,name) values (10, '전시/페스티벌');
insert into contest_category (ctgno,name) values (11, '문학/시나리오');

-- 관리자 테이블
insert into admin_member (amno, id, pwd) values (1, 'admin1', sha2('1111',256));
insert into admin_member (amno, id, pwd) values (2, 'admin2', sha2('1111',256));

-- 문의 카테고리 테이블
insert into qna_category (qnacno, name) value(1, '상품 결제 관련');
insert into qna_category (qnacno, name) value(2, '서비스 관련');
insert into qna_category (qnacno, name) value(3, '가입/인증 관련');
insert into qna_category (qnacno, name) value(4, '계정 정보 관련');
insert into qna_category (qnacno, name) value(5, '개인 정보 관련');