-- 직업번호 테이블
insert into job (jno, name) values (1, '프리랜서');
insert into job (jno, name) values (2, '직장인');
insert into job (jno, name) values (3, '소상공인');
insert into job (jno, name) values (4, '스타트업 창업자');
insert into job (jno, name) values (5, '대학(원)생');
insert into job (jno, name) values (6, '취업준비생');

-- 회원 테이블
INSERT INTO member (mno, email, pwd, name, nick, tel, cdt, pstno, base_addr, detail_addr, jno, bank, account, profile, token, status) VALUES (1, 'user1@test.com', '0ffe1abd1a08215353c233d6e009613e95eec4253832a761af28ff37ac5a150c', '홍길동', '슈퍼그냥줘', '01011112222', '2022-10-07', '06134', '서울특별시 강남구 역삼동 819-3', '삼오빌딩 5-9층', 1, '국민은행', '111111-11-111111', 'profile1.png', '이메일토큰', 1);
INSERT INTO member (mno, email, pwd, name, nick, tel, cdt, pstno, base_addr, detail_addr, jno, bank, account, profile, token, status) VALUES (4, 'user4@test.com', '0ffe1abd1a08215353c233d6e009613e95eec4253832a761af28ff37ac5a150c', '유관순', '부장관', '01044442222', '2022-10-07', '06134', '서울특별시 강남구 역삼동 819-3', '삼오빌딩 5-9층', 4, null, null, 'profile1.png', '이메일토큰', 1);
INSERT INTO member (mno, email, pwd, name, nick, tel, cdt, pstno, base_addr, detail_addr, jno, bank, account, profile, token, status) VALUES (7, 'user7@test.com', '0ffe1abd1a08215353c233d6e009613e95eec4253832a761af28ff37ac5a150c', '김옥균', '통키왕피구', '01076662224', '2022-10-07', '06134', '서울특별시 강남구 역삼동 819-3', '삼오빌딩 5-9층', 6, null, null, 'profile1.png', '이메일토큰', 1);
INSERT INTO member (mno, email, pwd, name, nick, tel, cdt, pstno, base_addr, detail_addr, jno, bank, account, profile, token, status) VALUES (10, 'user10@test.com', '0ffe1abd1a08215353c233d6e009613e95eec4253832a761af28ff37ac5a150c', '전봉준', '꼰대가르송', '01076662227', '2022-11-05', '63309', '제주특별자치도 제주시 첨단로 242', '제주시 첨단로 242', 1, null, null, 'profile1.png', null, 1);
INSERT INTO member (mno, email, pwd, name, nick, tel, cdt, pstno, base_addr, detail_addr, jno, bank, account, profile, token, status) VALUES (2, 'user2@test.com', '0ffe1abd1a08215353c233d6e009613e95eec4253832a761af28ff37ac5a150c', '임꺽정', '밥이브라운', '01022222222', '2022-10-07', '06134', '서울특별시 강남구 역삼동 819-3', '삼오빌딩 5-9층', 2, null, null, 'profile2.png', '이메일토큰', 1);
INSERT INTO member (mno, email, pwd, name, nick, tel, cdt, pstno, base_addr, detail_addr, jno, bank, account, profile, token, status) VALUES (5, 'user5@test.com', '0ffe1abd1a08215353c233d6e009613e95eec4253832a761af28ff37ac5a150c', '이순신', '운도형밴드', '01055552222', '2022-10-07', '06134', '서울특별시 강남구 역삼동 819-3', '삼오빌딩 5-9층', 5, null, null, 'profile2.png', '이메일토큰', 1);
INSERT INTO member (mno, email, pwd, name, nick, tel, cdt, pstno, base_addr, detail_addr, jno, bank, account, profile, token, status) VALUES (8, 'user8@test.com', '0ffe1abd1a08215353c233d6e009613e95eec4253832a761af28ff37ac5a150c', '홍경래', '손잡고', '01076662223', '2022-11-03', '63309', '제주특별자치도 제주시 첨단로 242', '제주시 첨단로 242', 2, null, null, 'profile2.png', null, 1);
INSERT INTO member (mno, email, pwd, name, nick, tel, cdt, pstno, base_addr, detail_addr, jno, bank, account, profile, token, status) VALUES (11, 'user11@test.com', '0ffe1abd1a08215353c233d6e009613e95eec4253832a761af28ff37ac5a150c', '정약용', '난방고양이', '01076662226', '2022-11-05', '63309', '제주특별자치도 제주시 첨단로 242', '제주시 첨단로 242', 1, null, null, 'profile2.png', null, 1);
INSERT INTO member (mno, email, pwd, name, nick, tel, cdt, pstno, base_addr, detail_addr, jno, bank, account, profile, token, status) VALUES (3, 'user3@test.com', '0ffe1abd1a08215353c233d6e009613e95eec4253832a761af28ff37ac5a150c', '장길산', '추잡60분', '01033332222', '2022-10-07', '06134', '서울특별시 강남구 역삼동 819-3', '삼오빌딩 5-9층', 3, null, null, 'profile3.png', '이메일토큰', 1);
INSERT INTO member (mno, email, pwd, name, nick, tel, cdt, pstno, base_addr, detail_addr, jno, bank, account, profile, token, status) VALUES (6, 'user6@test.com', '0ffe1abd1a08215353c233d6e009613e95eec4253832a761af28ff37ac5a150c', '윤동주', '멘띵에해당', '01066662222', '2022-10-07', '06134', '서울특별시 강남구 역삼동 819-3', '삼오빌딩 5-9층', 6, null, null, 'profile3.png', '이메일토큰', 1);
INSERT INTO member (mno, email, pwd, name, nick, tel, cdt, pstno, base_addr, detail_addr, jno, bank, account, profile, token, status) VALUES (9, 'user9@test.com', '0ffe1abd1a08215353c233d6e009613e95eec4253832a761af28ff37ac5a150c', '김대건', '살림의추억', '01076662228', '2022-11-05', '63309', '제주특별자치도 제주시 첨단로 242', '제주시 첨단로 242', 1, null, null, 'profile3.png', null, 1);
INSERT INTO member (mno, email, pwd, name, nick, tel, cdt, pstno, base_addr, detail_addr, jno, bank, account, profile, token, status) VALUES (12, 'user12@test.com', '0ffe1abd1a08215353c233d6e009613e95eec4253832a761af28ff37ac5a150c', '주영', '말랑말랑', '01022221111', '2022-11-07', '06134', '서울특별시 강남구 역삼동 819-3', '삼오빌딩 5-9층', 6, null, null, 'profile3.png', null, 1);


-- 재능판매카테고리 테이블
insert into product_category (pcno, pctier, pcname, pcparent) values ('010000', 1, '디자인', null);
insert into product_category (pcno, pctier, pcname, pcparent) values ('020000', 1, 'IT·프로그래밍', null);
insert into product_category (pcno, pctier, pcname, pcparent) values ('030000', 1, '영상·사진·음향', null);
insert into product_category (pcno, pctier, pcname, pcparent) values ('040000', 1, '마케팅', null);
insert into product_category (pcno, pctier, pcname, pcparent) values ('050000', 1, '번역·통역', null);
insert into product_category (pcno, pctier, pcname, pcparent) values ('060000', 1, '문서·글쓰기', null);
insert into product_category (pcno, pctier, pcname, pcparent) values ('070000', 1, '비즈니스컨설팅', null);
insert into product_category (pcno, pctier, pcname, pcparent) values ('080000', 1, '주문제작', null);
insert into product_category (pcno, pctier, pcname, pcparent) values ('010100', 2, '로고·브랜딩', '010000');
insert into product_category (pcno, pctier, pcname, pcparent) values ('010200', 2, '상세·이벤트 페이지', '010000');
insert into product_category (pcno, pctier, pcname, pcparent) values ('010300', 2, '명함·인쇄·홍보물', '010000');
insert into product_category (pcno, pctier, pcname, pcparent) values ('010400', 2, 'PPT·인포그래픽', '010000');
insert into product_category (pcno, pctier, pcname, pcparent) values ('010500', 2, '웹·모바일 디자인', '010000');
insert into product_category (pcno, pctier, pcname, pcparent) values ('010600', 2, '패키지 디자인', '010000');
insert into product_category (pcno, pctier, pcname, pcparent) values ('010700', 2, '일러스트·캐리커쳐', '010000');
insert into product_category (pcno, pctier, pcname, pcparent) values ('010800', 2, '웹툰·캐릭터·이모티콘', '010000');
insert into product_category (pcno, pctier, pcname, pcparent) values ('010900', 2, '블로그·SNS·썸네일', '010000');
insert into product_category (pcno, pctier, pcname, pcparent) values ('011000', 2, '포토샵·파일변환', '010000');
insert into product_category (pcno, pctier, pcname, pcparent) values ('011100', 2, '제품·3D프린팅', '010000');
insert into product_category (pcno, pctier, pcname, pcparent) values ('011200', 2, '공간디자인', '010000');
insert into product_category (pcno, pctier, pcname, pcparent) values ('011300', 2, '북·앨범디자인', '010000');
insert into product_category (pcno, pctier, pcname, pcparent) values ('011400', 2, '캘리그라피·폰트', '010000');
insert into product_category (pcno, pctier, pcname, pcparent) values ('011500', 2, '메타버스·NFT아트', '010000');
insert into product_category (pcno, pctier, pcname, pcparent) values ('011600', 2, 'VR·AR·게임', '010000');
insert into product_category (pcno, pctier, pcname, pcparent) values ('011700', 2, '의류디자인', '010000');
insert into product_category (pcno, pctier, pcname, pcparent) values ('011800', 2, '간판·시공', '010000');
insert into product_category (pcno, pctier, pcname, pcparent) values ('011900', 2, '템플릿', '010000');
insert into product_category (pcno, pctier, pcname, pcparent) values ('020100', 2, '모바일 앱', '020000');
insert into product_category (pcno, pctier, pcname, pcparent) values ('020200', 2, '웹', '020000');
insert into product_category (pcno, pctier, pcname, pcparent) values ('020300', 2, '프로그램', '020000');
insert into product_category (pcno, pctier, pcname, pcparent) values ('020400', 2, '쇼핑몰·커머스', '020000');
insert into product_category (pcno, pctier, pcname, pcparent) values ('020500', 2, '워드프레스', '020000');
insert into product_category (pcno, pctier, pcname, pcparent) values ('020600', 2, '데이터', '020000');
insert into product_category (pcno, pctier, pcname, pcparent) values ('020700', 2, '기획', '020000');
insert into product_category (pcno, pctier, pcname, pcparent) values ('020800', 2, '게임·AR·VR', '020000');
insert into product_category (pcno, pctier, pcname, pcparent) values ('020900', 2, '메타버스', '020000');
insert into product_category (pcno, pctier, pcname, pcparent) values ('021000', 2, '블록체인', '020000');
insert into product_category (pcno, pctier, pcname, pcparent) values ('021100', 2, '임베디드 HW·SW', '020000');
insert into product_category (pcno, pctier, pcname, pcparent) values ('021200', 2, '서버·호스팅', '020000');
insert into product_category (pcno, pctier, pcname, pcparent) values ('021300', 2, '데이터베이스', '020000');
insert into product_category (pcno, pctier, pcname, pcparent) values ('021400', 2, '보안', '020000');
insert into product_category (pcno, pctier, pcname, pcparent) values ('021500', 2, '챗봇', '020000');
insert into product_category (pcno, pctier, pcname, pcparent) values ('021600', 2, 'QA·테스트', '020000');
insert into product_category (pcno, pctier, pcname, pcparent) values ('021700', 2, '기술지원', '020000');
insert into product_category (pcno, pctier, pcname, pcparent) values ('030100', 2, '영상촬영·편집', '030000');
insert into product_category (pcno, pctier, pcname, pcparent) values ('030200', 2, '인터뷰 영상', '030000');
insert into product_category (pcno, pctier, pcname, pcparent) values ('030300', 2, '교육 영상', '030000');
insert into product_category (pcno, pctier, pcname, pcparent) values ('030400', 2, '이벤트 영상', '030000');
insert into product_category (pcno, pctier, pcname, pcparent) values ('030500', 2, '유튜브 제작', '030000');
insert into product_category (pcno, pctier, pcname, pcparent) values ('030600', 2, '온라인 생중계', '030000');
insert into product_category (pcno, pctier, pcname, pcparent) values ('030700', 2, '드론 촬영', '030000');
insert into product_category (pcno, pctier, pcname, pcparent) values ('030800', 2, '애니메이션', '030000');
insert into product_category (pcno, pctier, pcname, pcparent) values ('030900', 2, '인포·모션그래픽', '030000');
insert into product_category (pcno, pctier, pcname, pcparent) values ('031000', 2, '3D·VR', '030000');
insert into product_category (pcno, pctier, pcname, pcparent) values ('031100', 2, '인트로·로고', '030000');
insert into product_category (pcno, pctier, pcname, pcparent) values ('031200', 2, '영상 자막', '030000');
insert into product_category (pcno, pctier, pcname, pcparent) values ('031300', 2, '영상 템플릿', '030000');
insert into product_category (pcno, pctier, pcname, pcparent) values ('031400', 2, '사진촬영', '030000');
insert into product_category (pcno, pctier, pcname, pcparent) values ('031500', 2, '사진·영상 보정', '030000');
insert into product_category (pcno, pctier, pcname, pcparent) values ('031600', 2, '성우', '030000');
insert into product_category (pcno, pctier, pcname, pcparent) values ('031700', 2, '음악·사운드', '030000');
insert into product_category (pcno, pctier, pcname, pcparent) values ('031800', 2, '모델·MC·공연', '030000');
insert into product_category (pcno, pctier, pcname, pcparent) values ('031900', 2, '스튜디오 렌탈', '030000');
insert into product_category (pcno, pctier, pcname, pcparent) values ('032000', 2, '헤어메이크업', '030000');
insert into product_category (pcno, pctier, pcname, pcparent) values ('032100', 2, '콘티·스토리보드', '030000');
insert into product_category (pcno, pctier, pcname, pcparent) values ('040100', 2, '블로그 마케팅', '040000');
insert into product_category (pcno, pctier, pcname, pcparent) values ('040200', 2, '카페 마케팅', '040000');
insert into product_category (pcno, pctier, pcname, pcparent) values ('040300', 2, 'SNS 마케팅', '040000');
insert into product_category (pcno, pctier, pcname, pcparent) values ('040400', 2, '쇼핑몰·스토어', '040000');
insert into product_category (pcno, pctier, pcname, pcparent) values ('040500', 2, '체험단·기자단 대행', '040000');
insert into product_category (pcno, pctier, pcname, pcparent) values ('040600', 2, '웹 트래픽', '040000');
insert into product_category (pcno, pctier, pcname, pcparent) values ('040700', 2, '언론홍보', '040000');
insert into product_category (pcno, pctier, pcname, pcparent) values ('040800', 2, '종합광고대행', '040000');
insert into product_category (pcno, pctier, pcname, pcparent) values ('041000', 2, '지도등록·홍보', '040000');
insert into product_category (pcno, pctier, pcname, pcparent) values ('041100', 2, '앱마케팅', '040000');
insert into product_category (pcno, pctier, pcname, pcparent) values ('041200', 2, '라이브커머스', '040000');
insert into product_category (pcno, pctier, pcname, pcparent) values ('041300', 2, '개인 인플루언서', '040000');
insert into product_category (pcno, pctier, pcname, pcparent) values ('041400', 2, '키워드·배너광고', '040000');
insert into product_category (pcno, pctier, pcname, pcparent) values ('041500', 2, '포털질문·답변', '040000');
insert into product_category (pcno, pctier, pcname, pcparent) values ('041600', 2, '마케팅 컨설팅', '040000');
insert into product_category (pcno, pctier, pcname, pcparent) values ('041700', 2, '영상 마케팅', '040000');
insert into product_category (pcno, pctier, pcname, pcparent) values ('041800', 2, '오프라인광고', '040000');
insert into product_category (pcno, pctier, pcname, pcparent) values ('041900', 2, '해외마케팅', '040000');
insert into product_category (pcno, pctier, pcname, pcparent) values ('042000', 2, '브랜드마케팅', '040000');
insert into product_category (pcno, pctier, pcname, pcparent) values ('050100', 2, '산업별 전문번역', '050000');
insert into product_category (pcno, pctier, pcname, pcparent) values ('050200', 2, '일반 번역', '050000');
insert into product_category (pcno, pctier, pcname, pcparent) values ('050300', 2, '통역', '050000');
insert into product_category (pcno, pctier, pcname, pcparent) values ('050400', 2, '영상번역', '050000');
insert into product_category (pcno, pctier, pcname, pcparent) values ('050500', 2, '감수', '050000');
insert into product_category (pcno, pctier, pcname, pcparent) values ('050600', 2, '번역공증대행', '050000');
insert into product_category (pcno, pctier, pcname, pcparent) values ('060100', 2, '기업명·네이밍', '060000');
insert into product_category (pcno, pctier, pcname, pcparent) values ('060200', 2, '제품 카피라이팅', '060000');
insert into product_category (pcno, pctier, pcname, pcparent) values ('060300', 2, '광고 카피라이팅', '060000');
insert into product_category (pcno, pctier, pcname, pcparent) values ('060400', 2, 'SNS 카피라이팅', '060000');
insert into product_category (pcno, pctier, pcname, pcparent) values ('060500', 2, 'Email 카피라이팅', '060000');
insert into product_category (pcno, pctier, pcname, pcparent) values ('060600', 2, 'UX 라이팅', '060000');
insert into product_category (pcno, pctier, pcname, pcparent) values ('060700', 2, '블로그 원고', '060000');
insert into product_category (pcno, pctier, pcname, pcparent) values ('060800', 2, '웹사이트·SEO', '060000');
insert into product_category (pcno, pctier, pcname, pcparent) values ('060900', 2, '보도자료·기사·칼럼', '060000');
insert into product_category (pcno, pctier, pcname, pcparent) values ('061000', 2, '산업별 전문 글작성', '060000');
insert into product_category (pcno, pctier, pcname, pcparent) values ('061100', 2, '타이핑(영상)', '060000');
insert into product_category (pcno, pctier, pcname, pcparent) values ('061200', 2, '타이핑(문서)', '060000');
insert into product_category (pcno, pctier, pcname, pcparent) values ('061300', 2, '책·전자책 출판', '060000');
insert into product_category (pcno, pctier, pcname, pcparent) values ('061400', 2, '시나리오·대본', '060000');
insert into product_category (pcno, pctier, pcname, pcparent) values ('061500', 2, '논문', '060000');
insert into product_category (pcno, pctier, pcname, pcparent) values ('061600', 2, '교정·교열 첨삭', '060000');
insert into product_category (pcno, pctier, pcname, pcparent) values ('061700', 2, '잡포털 이력서 교정', '060000');
insert into product_category (pcno, pctier, pcname, pcparent) values ('061800', 2, '맞춤양식', '060000');
insert into product_category (pcno, pctier, pcname, pcparent) values ('070100', 2, '사업계획서·투자제안서', '070000');
insert into product_category (pcno, pctier, pcname, pcparent) values ('070200', 2, '퍼스널 브랜딩', '070000');
insert into product_category (pcno, pctier, pcname, pcparent) values ('070300', 2, '유튜브 컨설팅', '070000');
insert into product_category (pcno, pctier, pcname, pcparent) values ('070400', 2, '창업 컨설팅', '070000');
insert into product_category (pcno, pctier, pcname, pcparent) values ('070500', 2, '쇼핑몰·스토어 창업', '070000');
insert into product_category (pcno, pctier, pcname, pcparent) values ('070600', 2, '크라우드펀딩', '070000');
insert into product_category (pcno, pctier, pcname, pcparent) values ('070700', 2, '해외사업 컨설팅', '070000');
insert into product_category (pcno, pctier, pcname, pcparent) values ('070800', 2, '리서치·설문조사', '070000');
insert into product_category (pcno, pctier, pcname, pcparent) values ('070900', 2, 'HR 컨설팅', '070000');
insert into product_category (pcno, pctier, pcname, pcparent) values ('071000', 2, '업무지원·CS', '070000');

-- 주최기관 테이블
insert into contest_organization (orgno, name) values (1, '대기업');
insert into contest_organization (orgno, name) values (2, '공공기관');
insert into contest_organization (orgno, name) values (3, '자영업자');

-- 공모전 카테고리 테이블
insert into contest_category (ctgno,name) values (1, '기획/아이디어');
insert into contest_category (ctgno,name) values (2, '광고/마케팅');
insert into contest_category (ctgno,name) values (3, '사진/영상/UCC');
insert into contest_category (ctgno,name) values (4, '디자인/순수미술/공예');
insert into contest_category (ctgno,name) values (5, '네이밍/슬로건');
insert into contest_category (ctgno,name) values (6, '캐릭터/만화/게임');
insert into contest_category (ctgno,name) values (7, '건축/건설/인테리어');
insert into contest_category (ctgno,name) values (8, '과학/공학');
insert into contest_category (ctgno,name) values (9, '예체능/패션');
insert into contest_category (ctgno,name) values (10, '전시/페스티벌');
insert into contest_category (ctgno,name) values (11, '문학/시나리오');

-- 관리자 테이블
insert into admin_member (amno, id, pwd) values (1, 'admin1@test.com', sha2('1111',256));
insert into admin_member (amno, id, pwd) values (2, 'admin2@test.com', sha2('1111',256));

-- 문의 카테고리 테이블
insert into qna_category (qnacno, name) value(1, '상품 결제 관련');
insert into qna_category (qnacno, name) value(2, '서비스 관련');
insert into qna_category (qnacno, name) value(3, '가입/인증 관련');
insert into qna_category (qnacno, name) value(4, '계정 정보 관련');
insert into qna_category (qnacno, name) value(5, '개인 정보 관련');